{"knn_idx": [[6847.300451382143, 7907.850890967915, 10655.850890967915], [4366.705955657078, 6403.184757082974, 9151.184757082974], [3864.7459287462807, 6760.745928746281, 7854.745928746281], [2400.297208051241, 2549.4788918987615, 3377.5211081012385], [3729.817329583515, 4621.182670416485, 8023.182670416485], [2798.03371488801, 3790.089460097999, 4197.089460097999], [1426.160974467326, 2914.839025532674, 2999.2726972501914], [1281.0965354578511, 1463.6280664958176, 2954.3719335041824], [1335.5497399832857, 1963.4502600167143, 3697.5497399832857], [6083.110260457259, 8725.340873032495, 9382.110260457259], [6559.793835995664, 8396.206164004336, 8964.5540044318], [7691.666730171441, 10384.535874426663, 10720.66673017144], [1358.5050996540158, 6992.494900345984, 7283.357924258751], [2828.257423258685, 4011.257423258685, 4451.944561089134], [2290.5548840607917, 2827.2209379841333, 5665.220937984133], [2857.1662226212866, 3711.3168784591617, 3951.1662226212866], [5715.973448530109, 8674.973448530109, 9208.973448530109], [1045.1813930725912, 2112.818606927409, 3295.818606927409], [6801.627812565257, 7100.627812565257, 9590.627812565257], [3509.651926788578, 5014.697570266708, 7040.651926788578]], "knn_dist": [[6847.300451382143, 7907.850890967915, 10655.850890967915], [4366.705955657078, 6403.184757082974, 9151.184757082974], [3864.7459287462807, 6760.745928746281, 7854.745928746281], [2400.297208051241, 2549.4788918987615, 3377.5211081012385], [3729.817329583515, 4621.182670416485, 8023.182670416485], [2798.03371488801, 3790.089460097999, 4197.089460097999], [1426.160974467326, 2914.839025532674, 2999.2726972501914], [1281.0965354578511, 1463.6280664958176, 2954.3719335041824], [1335.5497399832857, 1963.4502600167143, 3697.5497399832857], [6083.110260457259, 8725.340873032495, 9382.110260457259], [6559.793835995664, 8396.206164004336, 8964.5540044318], [7691.666730171441, 10384.535874426663, 10720.66673017144], [1358.5050996540158, 6992.494900345984, 7283.357924258751], [2828.257423258685, 4011.257423258685, 4451.944561089134], [2290.5548840607917, 2827.2209379841333, 5665.220937984133], [2857.1662226212866, 3711.3168784591617, 3951.1662226212866], [5715.973448530109, 8674.973448530109, 9208.973448530109], [1045.1813930725912, 2112.818606927409, 3295.818606927409], [6801.627812565257, 7100.627812565257, 9590.627812565257], [3509.651926788578, 5014.697570266708, 7040.651926788578]]}