{"_abc_cache": {"_iterating": {}, "_pending_removals": [], "data": {}}, "n_neighbors": 3, "n_jobs": 1, "algorithm": {}, "_abc_negative_cache": {"_iterating": {}, "_pending_removals": [], "data": {}}, "metric": {}, "_pairwise": false, "metric_params": {}, "p": 2, "effective_metric_params_": {}, "_abc_negative_cache_version": 43, "leaf_size": 30, "_fit_method": {}, "radius": 1.0, "_tree": {"node_data": [[0, 30, 1, 43738.36666666667]], "data": [[-10736.0, -23248.0], [-826.0, 24174.0], [4013.0, 20630.0], [-5834.0, 10707.0], [-4565.0, 23131.0], [-12162.0, -26543.0], [6167.0, -4327.0], [10329.0, 9825.0], [9447.0, -4578.0], [7375.0, -8780.0], [-11722.0, -28688.0], [7613.0, -6180.0], [-9489.0, 7546.0], [13478.0, 10078.0], [-5612.0, 8060.0], [-5303.0, 9186.0], [14402.0, 7971.0], [-13483.0, -25735.0], [-5580.0, 21323.0], [-7069.0, -32768.0], [-2050.0, 25499.0], [2436.0, 23132.0], [10212.0, 2466.0], [-1320.0, 11007.0], [-11360.0, 8074.0], [4892.0, 21210.0], [-10225.0, -23927.0], [4977.0, 24084.0], [15604.0, 11110.0], [6763.0, 5040.0]], "valid_metrics": ["chebyshev", "sokalmichener", "canberra", "haversine", "rogerstanimoto", "matching", "dice", "euclidean", "braycurtis", "russellrao", "cityblock", "manhattan", "infinity", "jaccard", "seuclidean", "sokalsneath", "kulsinski", "minkowski", "mahalanobis", "p", "l2", "hamming", "l1", "wminkowski", "pyfunc"], "idx_array": [0, 1, 2, 3, 4, 5, 6, 7, 8, 9, 10, 11, 12, 13, 14, 15, 16, 17, 18, 19, 20, 21, 22, 23, 24, 25, 26, 27, 28, 29], "node_bounds": [[[12.4, 3315.9666666666667]]]}, "_abc_registry": {"_iterating": {}, "_pending_removals": [], "data": {}}, "effective_metric_": {}, "_fit_X": [[-10736, -23248], [-826, 24174], [4013, 20630], [-5834, 10707], [-4565, 23131], [-12162, -26543], [6167, -4327], [10329, 9825], [9447, -4578], [7375, -8780], [-11722, -28688], [7613, -6180], [-9489, 7546], [13478, 10078], [-5612, 8060], [-5303, 9186], [14402, 7971], [-13483, -25735], [-5580, 21323], [-7069, -32768], [-2050, 25499], [2436, 23132], [10212, 2466], [-1320, 11007], [-11360, 8074], [4892, 21210], [-10225, -23927], [4977, 24084], [15604, 11110], [6763, 5040]]}