{"knn_idx": [[1.2821522638758864, 2.2821522638758864, 2.2821522638758864], [0.9324151536486252, 1.9324151536486252, 1.9324151536486252], [1.2457760230727857, 2.2457760230727857, 2.2457760230727857], [0.5833635106890185, 1.5833635106890185, 1.5833635106890185], [1.1826370763139735, 2.1826370763139735, 2.1826370763139735], [0.6863370213619149, 1.6863370213619149, 1.6863370213619149], [0.7575298898344727, 1.7575298898344727, 1.7575298898344727], [0.5010831639062339, 1.5010831639062339, 1.5010831639062339], [1.3253050018616932, 2.325305001861693, 2.325305001861693], [1.6776405131281642, 2.677640513128164, 2.677640513128164], [1.5107761858856197, 2.5107761858856197, 2.5107761858856197], [1.0807198191249174, 2.0807198191249174, 2.0807198191249174], [0.891088654573494, 1.891088654573494, 1.891088654573494], [1.5404983769502092, 2.540498376950209, 2.540498376950209], [1.4074996125120922, 2.407499612512092, 2.407499612512092], [1.0601301184289937, 2.0601301184289937, 2.0601301184289937], [0.9840127341555185, 1.9840127341555185, 1.9840127341555185], [0.37703128818013454, 1.3770312881801345, 1.3770312881801345], [1.094806023497192, 2.094806023497192, 2.094806023497192], [0.4601109452800056, 1.4601109452800056, 1.4601109452800056]], "knn_dist": [[1.2821522638758864, 2.2821522638758864, 2.2821522638758864], [0.9324151536486252, 1.9324151536486252, 1.9324151536486252], [1.2457760230727857, 2.2457760230727857, 2.2457760230727857], [0.5833635106890185, 1.5833635106890185, 1.5833635106890185], [1.1826370763139735, 2.1826370763139735, 2.1826370763139735], [0.6863370213619149, 1.6863370213619149, 1.6863370213619149], [0.7575298898344727, 1.7575298898344727, 1.7575298898344727], [0.5010831639062339, 1.5010831639062339, 1.5010831639062339], [1.3253050018616932, 2.325305001861693, 2.325305001861693], [1.6776405131281642, 2.677640513128164, 2.677640513128164], [1.5107761858856197, 2.5107761858856197, 2.5107761858856197], [1.0807198191249174, 2.0807198191249174, 2.0807198191249174], [0.891088654573494, 1.891088654573494, 1.891088654573494], [1.5404983769502092, 2.540498376950209, 2.540498376950209], [1.4074996125120922, 2.407499612512092, 2.407499612512092], [1.0601301184289937, 2.0601301184289937, 2.0601301184289937], [0.9840127341555185, 1.9840127341555185, 1.9840127341555185], [0.37703128818013454, 1.3770312881801345, 1.3770312881801345], [1.094806023497192, 2.094806023497192, 2.094806023497192], [0.4601109452800056, 1.4601109452800056, 1.4601109452800056]]}