{"knn_idx": [[8261829.9380904725, 8272232.357764275, 8276212.202187042], [8232878.023866812, 8237736.365728112, 8244973.761534207], [8319823.771054239, 8324760.508257574, 8329760.80101494], [8331157.618211279, 8341473.187656639, 8343751.021239452], [7960869.281442167, 8000421.066314613, 8014886.333712218], [8255489.034589957, 8275214.892310817, 8279753.033617733], [8008441.658443321, 8029156.401225323, 8032450.216445118], [8072792.4607797135, 8091182.053960595, 8113445.179357852], [8187396.575301186, 8193542.375423533, 8240435.551695573], [8096137.008559606, 8108056.669793776, 8118514.400653773], [8013360.037830579, 8064205.464488237, 8087658.048933883], [8204070.966842354, 8213085.371932083, 8214632.0710213175], [7862999.683895589, 7887189.86262012, 7891966.7071273485], [8044538.219983447, 8071583.084155211, 8074836.071967412], [8202340.02156811, 8205030.243131924, 8225511.693528546], [8193601.019842387, 8204813.4122690065, 8206259.828423756], [8203246.377934168, 8208274.80444843, 8230704.651872619], [7935497.942594976, 8010096.001566955, 8011714.048751309], [8094091.199209438, 8095579.123232258, 8101591.64257273], [8313254.400364529, 8320894.080728833, 8333049.454913255]], "knn_dist": [[8261829.9380904725, 8272232.357764275, 8276212.202187042], [8232878.023866812, 8237736.365728112, 8244973.761534207], [8319823.771054239, 8324760.508257574, 8329760.80101494], [8331157.618211279, 8341473.187656639, 8343751.021239452], [7960869.281442167, 8000421.066314613, 8014886.333712218], [8255489.034589957, 8275214.892310817, 8279753.033617733], [8008441.658443321, 8029156.401225323, 8032450.216445118], [8072792.4607797135, 8091182.053960595, 8113445.179357852], [8187396.575301186, 8193542.375423533, 8240435.551695573], [8096137.008559606, 8108056.669793776, 8118514.400653773], [8013360.037830579, 8064205.464488237, 8087658.048933883], [8204070.966842354, 8213085.371932083, 8214632.0710213175], [7862999.683895589, 7887189.86262012, 7891966.7071273485], [8044538.219983447, 8071583.084155211, 8074836.071967412], [8202340.02156811, 8205030.243131924, 8225511.693528546], [8193601.019842387, 8204813.4122690065, 8206259.828423756], [8203246.377934168, 8208274.80444843, 8230704.651872619], [7935497.942594976, 8010096.001566955, 8011714.048751309], [8094091.199209438, 8095579.123232258, 8101591.64257273], [8313254.400364529, 8320894.080728833, 8333049.454913255]]}